{
  "RF_raw": {
    "strict_acc": 0.4396135265700483,
    "relaxed_acc": 0.7326892109500805,
    "pm1_acc": 0.5829307568438004,
    "macro_f1": 0.11119010096449569,
    "strict_2": 0.9388489208633094,
    "strict_34": 0.06666666666666667,
    "strict_59": 0.0056179775280898875,
    "relaxed_2": 0.9820143884892086,
    "relaxed_34": 0.5333333333333333,
    "relaxed_59": 0.5280898876404494
  },
  "XGB_raw": {
    "strict_acc": 0.355877616747182,
    "relaxed_acc": 0.7085346215780999,
    "pm1_acc": 0.5265700483091788,
    "macro_f1": 0.12616500381369702,
    "strict_2": 0.7086330935251799,
    "strict_34": 0.10909090909090909,
    "strict_59": 0.033707865168539325,
    "relaxed_2": 0.9100719424460432,
    "relaxed_34": 0.5757575757575758,
    "relaxed_59": 0.5168539325842697
  },
  "LDA_raw": {
    "strict_acc": 0.4476650563607085,
    "relaxed_acc": 0.7359098228663447,
    "pm1_acc": 0.573268921095008,
    "macro_f1": 0.07739420935412027,
    "strict_2": 1.0,
    "strict_34": 0.0,
    "strict_59": 0.0,
    "relaxed_2": 1.0,
    "relaxed_34": 0.509090909090909,
    "relaxed_59": 0.5337078651685393
  }
}